Target lang,Transfer lang,Accuracy,Rank,Accuracy level,Entity overlap,Transfer lang dataset size,Target lang dataset size,Transfer over target size ratio,GENETIC,SYNTACTIC,FEATURAL,PHONOLOGICAL,INVENTORY,GEOGRAPHIC
bn,am,0.28,12,42,0.0002,2028,10000,0.2028,1.0,0.6445,0.5759,0.4054,0.5472,0.2739
bn,ar,0.11,42,12,0.0,10000,10000,1.0,1.0,0.6704,0.6242,0.6162,0.5983,1.0
bn,az,0.26,14,40,0.0001,10000,10000,1.0,1.0,0.6704,0.6242,0.6162,0.5983,1.0
bn,ca,0.26,14,40,0.0,10000,10000,1.0,0.9091,0.7035,0.5479999999999999,0.303,0.4961,0.39899999999999997
bn,ceb,0.16,39,15,0.0,10000,10000,1.0,1.0,0.9589,0.6749,0.6162,0.5158,0.20199999999999999
bn,ckb,0.25,18,36,0.0,6279,10000,0.6279,0.75,0.7837,0.8886,0.6162,0.5983,0.2206
bn,de,0.26,14,40,0.0,10000,10000,1.0,0.8571,0.6135,0.5582,0.4407,0.5404,0.3565
bn,fa,0.22,26,28,0.0,10000,10000,1.0,1.0,0.6704,0.6242,0.6162,0.5983,1.0
bn,fr,0.22,26,28,0.0,10000,10000,1.0,0.9375,0.6691,0.5423,0.4407,0.4753,0.3951
bn,ha,0.21,32,22,0.0,1071,10000,0.1071,1.0,0.7757,0.621,0.3333,0.5666,0.4309
bn,hi,0.45,2,52,0.0,10000,10000,1.0,0.625,0.5316,0.4115,0.3613,0.3481,0.0659
bn,hu,0.23,22,32,0.0,10000,10000,1.0,1.0,0.6162,0.5563,0.3613,0.5319,0.3308
bn,ilo,0.22,26,28,0.0002,3549,10000,0.3549,1.0,0.7813,0.5888,0.6162,0.44299999999999995,0.1675
bn,id,0.35,6,48,0.0,10000,10000,1.0,1.0,0.7609999999999999,0.5965,0.4054,0.5144,0.2043
bn,it,0.32,7,47,0.0,10000,10000,1.0,0.9,0.7196,0.6528,0.6162,0.5625,0.3607
bn,jv,0.27,13,41,0.0,9243,10000,0.9243,1.0,0.8234,0.5497,0.4646,0.4621,0.177
bn,kk,0.2,33,21,0.0,10000,10000,1.0,1.0,0.7323,0.8779,1.0,0.5983,0.1494
bn,rw,0.07,48,6,0.0,864,10000,0.0864,1.0,0.8357,0.643,0.6162,0.5182,0.3548
bn,ky,0.22,26,28,0.0,10000,10000,1.0,1.0,0.706,0.5713,0.4407,0.5337,0.1243
bn,ku,0.25,18,36,0.0,4006,10000,0.4006,1.0,0.6875,0.8416,0.6162,0.5983,0.2203
bn,lo,0.01,53,1,0.0,521,10000,0.0521,1.0,0.7201,0.6185,0.6162,0.522,0.0878
bn,mr,0.48,1,53,0.0002,10000,10000,1.0,0.5714,0.4989,0.4685,0.6162,0.3908,0.0769
bn,mt,0.08,47,7,0.0,1390,10000,0.139,1.0,0.8831,0.6749,0.6162,0.578,0.3609
bn,my,0.02,51,3,0.0,3282,10000,0.3282,1.0,0.6685,0.5256,0.3743,0.4589,0.0271
bn,ms,0.41,3,51,0.0,10000,10000,1.0,1.0,0.6704,0.6242,0.6162,0.5983,1.0
bn,nl,0.18,36,18,0.0,10000,10000,1.0,0.9,0.672,0.5994,0.6162,0.5193,0.3795
bn,ny,0.04,49,5,0.0,237,10000,0.0237,1.0,0.8485,0.9214,0.6162,0.5983,0.3778
bn,om,0.1,44,10,0.0,265,10000,0.0265,1.0,0.6704,0.6242,0.6162,0.5983,1.0
bn,pa,0.4,4,50,0.0,7902,10000,0.7902,0.5714,0.5316,0.4565,0.6162,0.3369,0.0784
bn,pl,0.26,14,40,0.0,10000,10000,1.0,0.8333,0.6739,0.5771,0.303,0.5472,0.3333
bn,pt,0.22,26,28,0.0,10000,10000,1.0,0.9333,0.7402,0.6188,0.6162,0.4991,0.4285
bn,ro,0.31,10,44,0.0001,10000,10000,1.0,0.8889,0.6943,0.5646,0.3824,0.4997,0.3135
bn,ru,0.11,42,12,0.0,10000,10000,1.0,0.8,0.6496,0.6022,0.303,0.5962,0.1817
bn,sn,0.17,37,17,0.0,592,10000,0.0592,1.0,0.8453,0.6731,0.6162,0.5667,0.3987
bn,so,0.09,46,8,0.0,1246,10000,0.1246,1.0,0.6629,0.5064,0.2804,0.4468,0.2623
bn,es,0.32,7,47,0.0,10000,10000,1.0,0.9231,0.7244,0.6366,0.4717,0.5849,0.4195
bn,sw,0.2,33,21,0.0002,10000,10000,1.0,1.0,0.6704,0.6242,0.6162,0.5983,1.0
bn,sv,0.19,35,19,0.0,10000,10000,1.0,0.8571,0.6936,0.5906,0.6162,0.4906,0.3374
bn,ta,0.25,18,36,0.0,10000,10000,1.0,1.0,0.59,0.5409,0.6162,0.4661,0.0954
bn,te,0.38,5,49,0.0,5991,10000,0.5991,1.0,0.631,0.4095,0.2163,0.3198,0.0722
bn,tg,0.24,21,33,0.0,10000,10000,1.0,0.8,0.7874,0.8905,0.6162,0.5983,0.1302
bn,tl,0.3,11,43,0.0,10000,10000,1.0,1.0,0.7757,0.5766,0.3613,0.461,0.1751
bn,th,0.1,44,10,0.0001,10000,10000,1.0,1.0,0.8073,0.5483,0.2804,0.4147,0.0781
bn,ti,0.02,51,3,0.0,81,10000,0.0081,1.0,0.6983,0.6444,0.6162,0.5877,0.2701
bn,tk,0.23,22,32,0.0001,1152,10000,0.1152,1.0,0.6441,0.8285,1.0,0.5983,0.1634
bn,tr,0.32,7,47,0.0,10000,10000,1.0,1.0,0.6826,0.5951,0.3613,0.5667,0.2784
bn,uk,0.22,26,28,0.0,10000,10000,1.0,0.8333,0.6421,0.6046,0.6162,0.5256,0.3128
bn,ug,0.14,40,14,0.0,1167,10000,0.1167,1.0,0.674,0.8461,1.0,0.5983,0.1188
bn,uz,0.23,22,32,0.0,10000,10000,1.0,1.0,0.6704,0.6242,0.6162,0.5983,1.0
bn,vi,0.14,40,14,0.0,10000,10000,1.0,1.0,0.8192,0.609,0.4407,0.5242,0.0921
bn,xh,0.04,49,5,0.0,218,10000,0.0218,1.0,0.88,0.6815,0.6162,0.5552,0.4493
bn,yo,0.23,22,32,0.0002,7227,10000,0.7227,1.0,0.8155,0.5743,0.3613,0.4464,0.4653
bn,zu,0.17,37,17,0.0,462,10000,0.0462,1.0,0.7558,0.635,0.47,0.5757,0.4177
jv,am,0.66,23,31,0.00010818998160770312,2028,9243,0.21940928270042195,1.0,0.8603,0.599,0.529,0.4308,0.3993
jv,ar,0.64,45,9,0.0,10000,9243,1.0818998160770312,1.0,0.855,0.6905,0.7223,0.611,1.0
jv,az,0.66,23,31,0.011468138050416531,10000,9243,1.0818998160770312,1.0,0.855,0.6905,0.7223,0.611,1.0
jv,bn,0.67,9,45,0.0,10000,9243,1.0818998160770312,1.0,0.8234,0.5497,0.4646,0.4621,0.177
jv,ca,0.66,23,31,0.01590392729633236,10000,9243,1.0818998160770312,1.0,0.7671,0.4892,0.4646,0.3445,0.574
jv,ceb,0.67,9,45,0.0037866493562696093,10000,9243,1.0818998160770312,0.5714,0.8174,0.5722,0.7223,0.4751,0.0897
jv,ckb,0.66,23,31,0.00010818998160770312,6279,9243,0.679324894514768,1.0,0.762,0.9339,0.7223,0.611,0.3907
jv,de,0.67,9,45,0.006815968841285297,10000,9243,1.0818998160770312,1.0,0.81,0.5827,0.5533,0.45299999999999996,0.5332
jv,fa,0.65,38,16,0.0,10000,9243,1.0818998160770312,1.0,0.855,0.6905,0.7223,0.611,1.0
jv,fr,0.67,9,45,0.007140538786108407,10000,9243,1.0818998160770312,1.0,0.8126,0.5822,0.5533,0.4554,0.5719
jv,ha,0.65,38,16,0.016444877204370874,1071,9243,0.11587147030185005,1.0,0.8044,0.6291,0.5533,0.5347,0.5666
jv,hi,0.68,4,50,0.0,10000,9243,1.0818998160770312,1.0,0.9059999999999999,0.5628,0.5,0.4314,0.231
jv,hu,0.66,23,31,0.014930217461863031,10000,9243,1.0818998160770312,1.0,0.7757,0.583,0.5,0.43700000000000006,0.507
jv,ilo,0.67,9,45,0.05074110137401277,3549,9243,0.38396624472573837,0.4,0.8648,0.5631,0.7223,0.4208,0.1072
jv,id,0.82,1,53,0.05853078004976739,10000,9243,1.0818998160770312,0.6667,0.7369,0.5263,0.529,0.3606,0.0381
jv,it,0.68,4,50,0.009520718381477875,10000,9243,1.0818998160770312,1.0,0.7984,0.6118,0.7223,0.4456,0.5356
jv,kk,0.65,38,16,0.0009737098344693282,10000,9243,1.0818998160770312,1.0,0.7048,0.9275,1.0,0.611,0.3264
jv,rw,0.64,45,9,0.01211727794006275,864,9243,0.0934761441090555,1.0,0.7048,0.5767,0.7223,0.5009,0.4513
jv,ky,0.66,23,31,0.0009737098344693282,10000,9243,1.0818998160770312,1.0,0.8608,0.5925,0.5533,0.5172,0.3
jv,ku,0.66,23,31,0.054203180785459264,4006,9243,0.4334090663204587,1.0,0.9176,0.9767,0.7223,0.611,0.3908
jv,lo,0.63,51,3,0.0004327599264308125,521,9243,0.05636698041761333,1.0,0.7567,0.5579,0.7223,0.4208,0.0987
jv,mr,0.67,9,45,0.0,10000,9243,1.0818998160770312,1.0,0.8831,0.5672,0.7223,0.409,0.2134
jv,mt,0.65,38,16,0.020231526560640485,1390,9243,0.15038407443470736,1.0,1.0,0.5557,0.7223,0.46,0.5308
jv,my,0.63,51,3,0.0010818998160770314,3282,9243,0.35507951963648166,1.0,0.8499,0.5698,0.5741,0.4176,0.1501
jv,ms,0.72,2,52,0.03364708427999567,10000,9243,1.0818998160770312,1.0,0.855,0.6905,0.7223,0.611,1.0
jv,nl,0.69,3,51,0.010602618197554906,10000,9243,1.0818998160770312,1.0,0.7844,0.5766,0.7223,0.4485,0.5564
jv,ny,0.64,45,9,0.008763388510223954,237,9243,0.02564102564102564,1.0,0.7763,0.9377,0.7223,0.611,0.4351
jv,om,0.65,38,16,0.0014064697609001407,265,9243,0.02867034512604133,1.0,0.855,0.6905,0.7223,0.611,1.0
jv,pa,0.67,9,45,0.00010818998160770312,7902,9243,0.8549172346640701,1.0,0.9059999999999999,0.5777,0.7223,0.3915,0.2522
jv,pl,0.67,9,45,0.012982797792924375,10000,9243,1.0818998160770312,1.0,0.8015,0.6046,0.4646,0.4931,0.5103
jv,pt,0.67,9,45,0.013199177756139782,10000,9243,1.0818998160770312,1.0,0.7952,0.5788,0.7223,0.4213,0.6042
jv,ro,0.68,4,50,0.0312669046846262,10000,9243,1.0818998160770312,1.0,0.7984,0.5796,0.4196,0.4611,0.4895
jv,ru,0.64,45,9,0.0007573298712539219,10000,9243,1.0818998160770312,1.0,0.8151,0.6446,0.4646,0.5242,0.3504
jv,sn,0.66,23,31,0.01828410689170183,592,9243,0.06404846911176025,1.0,0.7229,0.5775,0.7223,0.501,0.452
jv,so,0.65,38,16,0.02564102564102564,1246,9243,0.1348047170831981,1.0,0.8989,0.5777,0.529,0.4438,0.366
jv,es,0.68,4,50,0.01103537812398572,10000,9243,1.0818998160770312,1.0,0.8174,0.6516,0.5,0.5324,0.5942
jv,sw,0.67,9,45,0.1000757329871254,10000,9243,1.0818998160770312,1.0,0.855,0.6905,0.7223,0.611,1.0
jv,sv,0.67,9,45,0.012982797792924375,10000,9243,1.0818998160770312,1.0,0.7805,0.6127,0.7223,0.5072,0.5125
jv,ta,0.66,23,31,0.00010818998160770312,10000,9243,1.0818998160770312,1.0,0.8877,0.5925,0.7223,0.4456,0.1875
jv,te,0.68,4,50,0.00010818998160770312,5991,9243,0.6481661798117494,1.0,0.8718,0.5165,0.4196,0.4304,0.2001
jv,tg,0.66,23,31,0.0006491398896462187,10000,9243,1.0818998160770312,1.0,0.8684,0.9629,0.7223,0.611,0.3071
jv,tl,0.67,9,45,0.04392513253272747,10000,9243,1.0818998160770312,0.625,0.9034,0.6124,0.5,0.4611,0.1009
jv,th,0.64,45,9,0.00021637996321540625,10000,9243,1.0818998160770312,1.0,0.7323,0.5465,0.529,0.4335,0.0994
jv,ti,0.64,45,9,0.0,81,9243,0.008763388510223954,1.0,0.8718,0.6259,0.7223,0.5235,0.4043
jv,tk,0.66,23,31,0.011468138050416531,1152,9243,0.124634858812074,1.0,0.8337,0.9551,1.0,0.611,0.3376
jv,tr,0.67,9,45,0.027696635291572,10000,9243,1.0818998160770312,1.0,0.7729,0.5951,0.5,0.4831,0.4511
jv,uk,0.66,23,31,0.0014064697609001407,10000,9243,1.0818998160770312,1.0,0.7984,0.6118,0.7223,0.4456,0.4894
jv,ug,0.66,23,31,0.0015146597425078439,1167,9243,0.12625770853618956,1.0,0.8749,0.9670000000000001,1.0,0.611,0.2903
jv,uz,0.67,9,45,0.012874607811316672,10000,9243,1.0818998160770312,1.0,0.855,0.6905,0.7223,0.611,1.0
jv,vi,0.66,23,31,0.021637996321540624,10000,9243,1.0818998160770312,1.0,0.711,0.5749,0.5533,0.5072,0.1077
jv,xh,0.63,51,3,0.0036784593746619063,218,9243,0.02358541599047928,1.0,0.7308,0.5488,0.7223,0.4456,0.4641
jv,yo,0.66,23,31,0.0795196364816618,7227,9243,0.7818889970788705,1.0,0.7671,0.5636,0.5,0.4477,0.5953
jv,zu,0.65,38,16,0.00897976847343936,462,9243,0.049983771502758845,1.0,0.8073,0.6278,0.5741,0.5049,0.4461
lo,am,0.05,12,42,0.0,2028,521,3.892514395393474,1.0,0.7573,0.6233,0.5687,0.445,0.3502
lo,ar,0.05,12,42,0.0,10000,521,19.193857965451055,1.0,0.6779999999999999,0.6878,0.0002,0.6643,1.0
lo,az,0.04,32,22,0.005758157389635317,10000,521,19.193857965451055,1.0,0.6779999999999999,0.6878,0.0002,0.6643,1.0
lo,bn,0.07,2,52,0.0,10000,521,19.193857965451055,1.0,0.7201,0.6185,0.6162,0.522,0.0878
lo,ca,0.04,32,22,0.0019193857965451055,10000,521,19.193857965451055,1.0,0.5698,0.5198,0.6162,0.4237,0.4853
lo,ceb,0.06,5,49,0.005758157389635317,10000,521,19.193857965451055,1.0,0.7861,0.5433,0.0002,0.4008,0.1156
lo,ckb,0.05,12,42,0.0,6279,521,12.051823416506718,1.0,0.7788,0.8681,0.0002,0.6643,0.3084
lo,de,0.05,12,42,0.0,10000,521,19.193857965451055,1.0,0.6562,0.5966,0.5456,0.4988,0.4409
lo,fa,0.04,32,22,0.0,10000,521,19.193857965451055,1.0,0.6779999999999999,0.6878,0.0002,0.6643,1.0
lo,fr,0.03,47,7,0.0,10000,521,19.193857965451055,1.0,0.6859,0.6056,0.5456,0.4973,0.479
lo,ha,0.05,12,42,0.009596928982725527,1071,521,2.055662188099808,1.0,0.5625,0.5817,0.5456,0.5336,0.5132
lo,hi,0.07,2,52,0.0,10000,521,19.193857965451055,1.0,0.6813,0.6133,0.5922,0.5399,0.1514
lo,hu,0.05,12,42,0.0,10000,521,19.193857965451055,1.0,0.6557,0.5971,0.5922,0.4928,0.4161
lo,ilo,0.05,12,42,0.0019193857965451055,3549,521,6.811900191938579,1.0,0.7083,0.4962,0.0002,0.3532,0.0877
lo,id,0.06,5,49,0.0,10000,521,19.193857965451055,1.0,0.4611,0.48100000000000004,0.5687,0.3987,0.1331
lo,it,0.06,5,49,0.0,10000,521,19.193857965451055,1.0,0.5155,0.4766,0.0002,0.441,0.4471
lo,jv,0.04,32,22,0.007677543186180422,9243,521,17.74088291746641,1.0,0.7567,0.5579,0.7223,0.4208,0.0987
lo,kk,0.03,47,7,0.0,10000,521,19.193857965451055,1.0,0.7261,0.8553,0.879,0.6643,0.2337
lo,rw,0.03,47,7,0.003838771593090211,864,521,1.6583493282149713,1.0,0.7622,0.5807,0.0002,0.4772,0.4221
lo,ky,0.04,32,22,0.0019193857965451055,10000,521,19.193857965451055,1.0,0.7696,0.6939,0.5456,0.6088,0.2048
lo,ku,0.05,12,42,0.011516314779270634,4006,521,7.689059500959693,1.0,0.6355,0.7877,0.0002,0.6643,0.3081
lo,mr,0.06,5,49,0.0,10000,521,19.193857965451055,1.0,0.7788,0.6068,0.0002,0.4997,0.1485
lo,mt,0.04,32,22,0.003838771593090211,1390,521,2.6679462571976966,1.0,1.0,0.6233,0.0002,0.4617,0.4486
lo,my,0.03,47,7,0.005758157389635317,3282,521,6.299424184261037,1.0,0.8124,0.6347,0.5228,0.4425,0.0617
lo,ms,0.06,5,49,0.0,10000,521,19.193857965451055,1.0,0.6779999999999999,0.6878,0.0002,0.6643,1.0
lo,nl,0.04,32,22,0.003838771593090211,10000,521,19.193857965451055,1.0,0.6055,0.5224,0.0002,0.4711,0.4618
lo,ny,0.05,12,42,0.011516314779270634,237,521,0.45489443378119004,1.0,0.5888,0.763,0.0002,0.6643,0.4294
lo,om,0.04,32,22,0.0019193857965451055,265,521,0.508637236084453,1.0,0.6779999999999999,0.6878,0.0002,0.6643,1.0
lo,pa,0.05,12,42,0.0019193857965451055,7902,521,15.166986564299425,1.0,0.706,0.5918,0.0002,0.5167,0.1661
lo,pl,0.04,32,22,0.0,10000,521,19.193857965451055,1.0,0.4927,0.5295,0.6162,0.4918,0.4164
lo,pt,0.05,12,42,0.0019193857965451055,10000,521,19.193857965451055,1.0,0.5382,0.4856,0.0002,0.4493,0.514
lo,ro,0.04,32,22,0.0019193857965451055,10000,521,19.193857965451055,1.0,0.5766,0.5496,0.6409999999999999,0.4772,0.3991
lo,ru,0.03,47,7,0.0,10000,521,19.193857965451055,1.0,0.6157,0.6162,0.6162,0.5567,0.252
lo,sn,0.05,12,42,0.013435700575815739,592,521,1.1362763915547025,1.0,0.6364,0.5565,0.0002,0.5124,0.4493
lo,so,0.05,12,42,0.011516314779270634,1246,521,2.3915547024952017,1.0,0.627,0.6118,0.5687,0.5582,0.3295
lo,es,0.04,32,22,0.0,10000,521,19.193857965451055,1.0,0.6463,0.6239,0.5922,0.5421,0.5058
lo,sw,0.04,32,22,0.005758157389635317,10000,521,19.193857965451055,1.0,0.6779999999999999,0.6878,0.0002,0.6643,1.0
lo,sv,0.06,5,49,0.0,10000,521,19.193857965451055,1.0,0.6576,0.5713,0.0002,0.5184,0.4153
lo,ta,0.05,12,42,0.0,10000,521,19.193857965451055,1.0,0.8689,0.6517,0.0002,0.5124,0.1424
lo,te,0.05,12,42,0.0,5991,521,11.499040307101728,1.0,0.8502,0.6576,0.6409999999999999,0.5309,0.1379
lo,tg,0.05,12,42,0.0,10000,521,19.193857965451055,1.0,0.6108,0.7745,0.0002,0.6643,0.2157
lo,tl,0.06,5,49,0.007677543186180422,10000,521,19.193857965451055,1.0,0.6454,0.5621,0.5922,0.4297,0.0928
lo,th,0.28,1,53,0.0,10000,521,19.193857965451055,0.0909,0.449,0.4669,0.5687,0.3924,0.0234
lo,ti,0.02,53,1,0.0019193857965451055,81,521,0.15547024952015356,1.0,0.8195,0.6175,0.0002,0.4997,0.3495
lo,tk,0.05,12,42,0.0019193857965451055,1152,521,2.2111324376199617,1.0,0.8054,0.8882,0.879,0.6643,0.2508
lo,tr,0.05,12,42,0.0019193857965451055,10000,521,19.193857965451055,1.0,0.8106,0.6748,0.5922,0.5319,0.3659
lo,uk,0.05,12,42,0.0,10000,521,19.193857965451055,1.0,0.5766,0.5172,0.0002,0.466,0.3978
lo,ug,0.04,32,22,0.0,1167,521,2.2399232245681384,1.0,0.8539,0.9179,0.7877,0.6643,0.1928
lo,uz,0.03,47,7,0.0,10000,521,19.193857965451055,1.0,0.6779999999999999,0.6878,0.0002,0.6643,1.0
lo,vi,0.07,2,52,0.0,10000,521,19.193857965451055,1.0,0.4734,0.5113,0.5456,0.4574,0.0173
lo,xh,0.04,32,22,0.007677543186180422,218,521,0.418426103646833,1.0,0.6825,0.4986,0.0002,0.3824,0.4842
lo,yo,0.05,12,42,0.011516314779270634,7227,521,13.871401151631478,1.0,0.4595,0.4766,0.5922,0.3914,0.5466
lo,zu,0.04,32,22,0.0,462,521,0.8867562380038387,1.0,0.6509,0.6001,0.5228,0.4837,0.4578
mr,am,0.24,6,48,0.0005,2028,10000,0.2028,1.0,0.5935,0.5632,0.5687,0.466,0.20199999999999999
mr,ar,0.11,39,15,0.0,10000,10000,1.0,1.0,0.6704,0.6641,0.0002,0.6284,1.0
mr,az,0.14,31,23,0.0001,10000,10000,1.0,1.0,0.6704,0.6641,0.0002,0.6284,1.0
mr,bn,0.37,3,51,0.0002,10000,10000,1.0,0.625,0.4989,0.4685,0.6162,0.3908,0.0769
mr,ca,0.16,24,30,0.0,10000,10000,1.0,0.9091,0.7882,0.6109,0.6162,0.4488,0.3657
mr,ceb,0.09,44,10,0.0,10000,10000,1.0,1.0,0.9589,0.6644,0.0002,0.5195,0.2627
mr,ckb,0.21,14,40,0.0,6279,10000,0.6279,0.75,0.7837,0.8767,0.0002,0.6284,0.1807
mr,de,0.22,10,44,0.0,10000,10000,1.0,0.8571,0.6392,0.6172,0.5456,0.5522,0.3316
mr,fa,0.15,27,27,0.0,10000,10000,1.0,1.0,0.6704,0.6641,0.0002,0.6284,1.0
mr,fr,0.11,39,15,0.0,10000,10000,1.0,0.9375,0.6931,0.6168,0.5456,0.5174,0.37
mr,ha,0.17,22,32,0.0,1071,10000,0.1071,1.0,0.799,0.6856,0.5456,0.5648,0.3652
mr,hi,0.56,1,53,0.054,10000,10000,1.0,0.625,0.5316,0.4791,0.5922,0.39799999999999996,0.0393
mr,hu,0.21,14,40,0.0,10000,10000,1.0,1.0,0.6403,0.5892,0.5922,0.4901,0.3035
mr,ilo,0.15,27,27,0.0004,3549,10000,0.3549,1.0,0.8453,0.5998,0.0002,0.4571,0.2353
mr,id,0.27,5,49,0.0,10000,10000,1.0,1.0,0.8105,0.649,0.5687,0.47,0.2293
mr,it,0.23,8,46,0.0,10000,10000,1.0,0.9,0.7443,0.622,0.0002,0.5248,0.3279
mr,jv,0.21,14,40,0.0,9243,10000,0.9243,1.0,0.8831,0.5672,0.7223,0.409,0.2134
mr,kk,0.11,39,15,0.0,10000,10000,1.0,1.0,0.7323,0.8648,0.879,0.6284,0.1427
mr,rw,0.07,46,8,0.0,864,10000,0.0864,1.0,0.8691,0.6588,0.0002,0.5529999999999999,0.27899999999999997
mr,ky,0.22,10,44,0.0,10000,10000,1.0,1.0,0.5549,0.626,0.5456,0.5986,0.1343
mr,ku,0.24,6,48,0.0,4006,10000,0.4006,1.0,0.7699,0.8691,0.0002,0.6284,0.1811
mr,lo,0.01,53,1,0.0,521,10000,0.0521,1.0,0.7788,0.6068,0.0002,0.4997,0.1485
mr,mt,0.06,47,7,0.0,1390,10000,0.139,1.0,0.8831,0.6366,0.0002,0.5422,0.3185
mr,my,0.03,49,5,0.0,3282,10000,0.3282,1.0,0.5871,0.5471,0.5228,0.4475,0.092
mr,ms,0.2,17,37,0.0,10000,10000,1.0,1.0,0.6704,0.6641,0.0002,0.6284,1.0
mr,nl,0.14,31,23,0.0,10000,10000,1.0,0.9,0.6994,0.6118,0.0002,0.5625,0.3596
mr,ny,0.04,48,6,0.0,237,10000,0.0237,1.0,0.8995,0.9422,0.0002,0.6284,0.3013
mr,om,0.11,39,15,0.0,265,10000,0.0265,1.0,0.6704,0.6641,0.0002,0.6284,1.0
mr,pa,0.36,4,50,0.0,7902,10000,0.7902,0.5714,0.5316,0.4246,0.0002,0.3531,0.0674
mr,pl,0.15,27,27,0.0,10000,10000,1.0,0.8333,0.6739,0.627,0.6162,0.5464,0.3134
mr,pt,0.13,34,20,0.0,10000,10000,1.0,0.9333,0.765,0.593,0.0002,0.4726,0.3968
mr,ro,0.17,22,32,0.0002,10000,10000,1.0,0.8889,0.7443,0.6145,0.6409999999999999,0.4744,0.2859
mr,ru,0.03,49,5,0.0,10000,10000,1.0,0.8,0.6738,0.6634,0.6162,0.6018,0.2008
mr,sn,0.13,34,20,0.0,592,10000,0.0592,1.0,0.9078,0.677,0.0002,0.5638,0.3223
mr,so,0.09,44,10,0.0,1246,10000,0.1246,1.0,0.6892,0.575,0.5687,0.4513,0.1861
mr,es,0.2,17,37,0.0,10000,10000,1.0,0.9231,0.7689,0.6792,0.5922,0.5499,0.3852
mr,sw,0.18,20,34,0.0005,10000,10000,1.0,1.0,0.6704,0.6641,0.0002,0.6284,1.0
mr,sv,0.16,24,30,0.0,10000,10000,1.0,0.8571,0.7479,0.6138,0.0002,0.5352,0.3294
mr,ta,0.22,10,44,0.0,10000,10000,1.0,1.0,0.4878,0.4122,0.0002,0.3687,0.0428
mr,te,0.38,2,52,0.0,5991,10000,0.5991,1.0,0.5199,0.4486,0.6409999999999999,0.3556,0.0136
mr,tg,0.15,27,27,0.0,10000,10000,1.0,0.8,0.723,0.8435,0.0002,0.6284,0.1225
mr,tl,0.16,24,30,0.0001,10000,10000,1.0,1.0,0.8220000000000001,0.6439,0.5922,0.4531,0.2412
mr,th,0.11,39,15,0.0003,10000,10000,1.0,1.0,0.8807,0.6247,0.5687,0.3767,0.1297
mr,ti,0.02,52,2,0.0,81,10000,0.0081,1.0,0.762,0.6126,0.0002,0.5354,0.2011
mr,tk,0.19,19,35,0.0001,1152,10000,0.1152,1.0,0.5988,0.7879999999999999,0.879,0.6284,0.1364
mr,tr,0.22,10,44,0.0,10000,10000,1.0,1.0,0.6354,0.6194,0.5922,0.5638,0.2421
mr,uk,0.23,8,46,0.0,10000,10000,1.0,0.8333,0.615,0.5666,0.0002,0.5248,0.2881
mr,ug,0.12,37,17,0.0,1167,10000,0.1167,1.0,0.6068,0.7975,0.7877,0.6284,0.1437
mr,uz,0.13,34,20,0.0,10000,10000,1.0,1.0,0.6704,0.6641,0.0002,0.6284,1.0
mr,vi,0.14,31,23,0.0001,10000,10000,1.0,1.0,0.8456,0.6851,0.5456,0.5522,0.1587
mr,xh,0.03,49,5,0.0,218,10000,0.0218,1.0,0.88,0.6551,0.0002,0.5351,0.3758
mr,yo,0.18,20,34,0.0005,7227,10000,0.7227,1.0,0.9218,0.6743,0.5922,0.4407,0.3982
mr,zu,0.12,37,17,0.0,462,10000,0.0462,1.0,0.8245,0.7119,0.5228,0.5774,0.3432
pa,am,0.26,5,49,0.0,2028,7902,0.25664388762338647,1.0,0.5354,0.5676,0.5687,0.5241,0.212
pa,ar,0.05,44,10,0.0,10000,7902,1.2655024044545684,1.0,0.5788,0.6003,0.0002,0.5732,1.0
pa,az,0.16,14,40,0.0,10000,7902,1.2655024044545684,1.0,0.5788,0.6003,0.0002,0.5732,1.0
pa,bn,0.29,4,50,0.0,10000,7902,1.2655024044545684,0.625,0.5316,0.4565,0.6162,0.3369,0.0784
pa,ca,0.12,26,28,0.00012655024044545685,10000,7902,1.2655024044545684,0.9091,0.6717,0.5762,0.6162,0.4574,0.322
pa,ceb,0.05,44,10,0.0,10000,7902,1.2655024044545684,1.0,0.9337,0.6819,0.0002,0.5457,0.2796
pa,ckb,0.16,14,40,0.0,6279,7902,0.7946089597570235,0.75,0.8270000000000001,0.8945,0.0002,0.5732,0.1422
pa,de,0.14,19,35,0.0,10000,7902,1.2655024044545684,0.8571,0.5729,0.5773,0.5456,0.5228,0.2816
pa,fa,0.13,21,33,0.0,10000,7902,1.2655024044545684,1.0,0.5788,0.6003,0.0002,0.5732,1.0
pa,fr,0.09,36,18,0.0,10000,7902,1.2655024044545684,0.9375,0.6008,0.5547,0.5456,0.4609,0.3204
pa,ha,0.18,8,46,0.00012655024044545685,1071,7902,0.13553530751708429,1.0,0.7067,0.6512,0.5456,0.562,0.3584
pa,hi,0.49,1,53,0.0,10000,7902,1.2655024044545684,0.625,0.3348,0.3754,0.5922,0.3253,0.0287
pa,hu,0.1,32,22,0.0,10000,7902,1.2655024044545684,1.0,0.5197,0.5325,0.5922,0.4758,0.2549
pa,ilo,0.07,41,13,0.00012655024044545685,3549,7902,0.44912680334092636,1.0,0.7197,0.5822,0.0002,0.4987,0.2429
pa,id,0.2,7,47,0.0,10000,7902,1.2655024044545684,1.0,0.6868,0.6033,0.5687,0.4715,0.2758
pa,it,0.15,16,38,0.0,10000,7902,1.2655024044545684,0.9,0.5896,0.5517,0.0002,0.5192,0.2836
pa,jv,0.12,26,28,0.00012655024044545685,9243,7902,1.1697038724373576,1.0,0.9059999999999999,0.5777,0.7223,0.3915,0.2522
pa,kk,0.11,31,23,0.0,10000,7902,1.2655024044545684,1.0,0.7867,0.8843,0.879,0.5732,0.0793
pa,rw,0.03,49,5,0.00012655024044545685,864,7902,0.10933940774487472,1.0,0.8949,0.6637,0.0002,0.5311,0.3002
pa,ky,0.17,10,44,0.0,10000,7902,1.2655024044545684,1.0,0.623,0.6066,0.5456,0.5306,0.0669
pa,ku,0.15,16,38,0.00012655024044545685,4006,7902,0.5069602632245002,1.0,0.7521,0.8501,0.0002,0.5732,0.142
pa,lo,0.01,53,1,0.00012655024044545685,521,7902,0.06593267527208302,1.0,0.706,0.5918,0.0002,0.5167,0.1661
pa,mr,0.35,3,51,0.0,10000,7902,1.2655024044545684,0.5714,0.5316,0.4246,0.0002,0.3531,0.0674
pa,mt,0.08,37,17,0.00012655024044545685,1390,7902,0.175904834219185,1.0,0.81,0.6466,0.0002,0.5681,0.2826
pa,my,0.03,49,5,0.0,3282,7902,0.4153378891419894,1.0,0.6765,0.5812,0.5228,0.4423,0.105
pa,ms,0.18,8,46,0.0,10000,7902,1.2655024044545684,1.0,0.5788,0.6003,0.0002,0.5732,1.0
pa,nl,0.13,21,33,0.0,10000,7902,1.2655024044545684,0.9,0.6296,0.5427,0.0002,0.4873,0.3066
pa,ny,0.04,47,7,0.00012655024044545685,237,7902,0.02999240698557327,1.0,0.7737,0.8628,0.0002,0.5732,0.3386
pa,om,0.08,37,17,0.0,265,7902,0.033535813718046065,1.0,0.5788,0.6003,0.0002,0.5732,1.0
pa,pl,0.12,26,28,0.0,10000,7902,1.2655024044545684,0.8333,0.574,0.5854,0.6162,0.5412,0.26
pa,pt,0.07,41,13,0.0,10000,7902,1.2655024044545684,0.9333,0.5584,0.5022,0.0002,0.4629,0.35200000000000004
pa,ro,0.13,21,33,0.0,10000,7902,1.2655024044545684,0.8889,0.6121,0.5913,0.6409999999999999,0.5311,0.2374
pa,ru,0.05,44,10,0.0,10000,7902,1.2655024044545684,0.8,0.5646,0.6088,0.6162,0.5856,0.1333
pa,sn,0.14,19,35,0.00012655024044545685,592,7902,0.07491774234371046,1.0,0.9009,0.6559999999999999,0.0002,0.5169,0.3595
pa,so,0.04,47,7,0.00012655024044545685,1246,7902,0.15768159959503922,1.0,0.5821,0.547,0.5687,0.4674,0.2127
pa,es,0.15,16,38,0.0,10000,7902,1.2655024044545684,0.9231,0.6124,0.6167,0.5922,0.5577,0.3423
pa,sw,0.08,37,17,0.0,10000,7902,1.2655024044545684,1.0,0.5788,0.6003,0.0002,0.5732,1.0
pa,sv,0.1,32,22,0.0,10000,7902,1.2655024044545684,0.8571,0.6458,0.5701,0.0002,0.5228,0.2699
pa,ta,0.21,6,48,0.0,10000,7902,1.2655024044545684,1.0,0.5265,0.457,0.0002,0.4131,0.1096
pa,te,0.46,2,52,0.0,5991,7902,0.758162490508732,1.0,0.5997,0.4417,0.6409999999999999,0.2687,0.077
pa,tg,0.13,21,33,0.0,10000,7902,1.2655024044545684,0.8,0.7277,0.8359,0.0002,0.5732,0.0586
pa,tl,0.1,32,22,0.0,10000,7902,1.2655024044545684,1.0,0.6868,0.6023,0.5922,0.4781,0.2513
pa,th,0.07,41,13,0.00012655024044545685,10000,7902,1.2655024044545684,1.0,0.7858,0.6192,0.5687,0.4365,0.1553
pa,ti,0.02,52,2,0.0,81,7902,0.010250569476082005,1.0,0.7092,0.6283,0.0002,0.5825,0.2041
pa,tk,0.17,10,44,0.0,1152,7902,0.14578587699316628,1.0,0.6143,0.7817,0.879,0.5732,0.0856
pa,tr,0.13,21,33,0.0,10000,7902,1.2655024044545684,1.0,0.5978,0.5959,0.5922,0.5479999999999999,0.2004
pa,uk,0.17,10,44,0.0,10000,7902,1.2655024044545684,0.8333,0.518,0.5105,0.0002,0.5008,0.2376
pa,ug,0.12,26,28,0.0,1167,7902,0.14768413059984814,1.0,0.5824,0.772,0.7877,0.5732,0.0779
pa,uz,0.17,10,44,0.0,10000,7902,1.2655024044545684,1.0,0.5788,0.6003,0.0002,0.5732,1.0
pa,vi,0.1,32,22,0.0,10000,7902,1.2655024044545684,1.0,0.7692,0.6322,0.5456,0.4909,0.1696
pa,xh,0.03,49,5,0.00012655024044545685,218,7902,0.027587952417109592,1.0,0.8792,0.6441,0.0002,0.5008,0.4222
pa,yo,0.08,37,17,0.00012655024044545685,7227,7902,0.9145785876993167,1.0,0.7867,0.6463,0.5922,0.4832,0.3937
pa,zu,0.12,26,28,0.0,462,7902,0.058466211085801065,1.0,0.7111,0.6484,0.5228,0.5342,0.3877
te,am,0.22,6,48,0.00016691704223001168,2028,5991,0.3385077616424637,1.0,0.5770000000000001,0.5416,0.3498,0.5211,0.2123
te,ar,0.06,45,9,0.0,10000,5991,1.669170422300117,1.0,0.7016,0.6145,0.6409999999999999,0.5608,1.0
te,az,0.16,15,39,0.0,10000,5991,1.669170422300117,1.0,0.7016,0.6145,0.6409999999999999,0.5608,1.0
te,bn,0.3,5,49,0.0,10000,5991,1.669170422300117,1.0,0.631,0.4095,0.2163,0.3198,0.0722
te,ca,0.14,25,29,0.0,10000,5991,1.669170422300117,1.0,0.7973,0.5502,0.2163,0.4565,0.3793
te,ceb,0.08,40,14,0.0,10000,5991,1.669170422300117,1.0,0.9549,0.6827,0.6409999999999999,0.5587,0.2512
te,ckb,0.18,9,45,0.00016691704223001168,6279,5991,1.0480721081622433,1.0,0.762,0.8911,0.6409999999999999,0.5608,0.1943
te,de,0.15,21,33,0.0,10000,5991,1.669170422300117,1.0,0.6558,0.5698,0.3918,0.5367,0.345
te,fa,0.14,25,29,0.0,10000,5991,1.669170422300117,1.0,0.7016,0.6145,0.6409999999999999,0.5608,1.0
te,fr,0.09,39,15,0.0,10000,5991,1.669170422300117,1.0,0.7637,0.5713,0.3918,0.4777,0.3834
te,ha,0.16,15,39,0.0,1071,5991,0.17876815222834253,1.0,0.879,0.6547,0.3918,0.5594,0.3767
te,hi,0.47,1,53,0.0,10000,5991,1.669170422300117,1.0,0.5997,0.4097,0.2952,0.3131,0.0483
te,hu,0.12,32,22,0.0,10000,5991,1.669170422300117,1.0,0.601,0.5231,0.2952,0.4744,0.317
te,ilo,0.13,29,25,0.00016691704223001168,3549,5991,0.5923885828743115,1.0,0.8302,0.6206,0.6409999999999999,0.496,0.2252
te,id,0.19,7,47,0.0,10000,5991,1.669170422300117,1.0,0.8186,0.5976,0.3498,0.4878,0.2157
te,it,0.15,21,33,0.0,10000,5991,1.669170422300117,1.0,0.7183,0.6241,0.6409999999999999,0.5157,0.3414
te,jv,0.18,9,45,0.00016691704223001168,9243,5991,1.542814221331998,1.0,0.8718,0.5165,0.4196,0.4304,0.2001
te,kk,0.12,32,22,0.0,10000,5991,1.669170422300117,1.0,0.7048,0.8806,1.0,0.5608,0.1541
te,rw,0.05,47,7,0.0,864,5991,0.1442163244867301,1.0,0.7823,0.61,0.6409999999999999,0.5114,0.2869
te,ky,0.17,12,42,0.0,10000,5991,1.669170422300117,1.0,0.5489,0.5328,0.3918,0.5442,0.1437
te,ku,0.17,12,42,0.0,4006,5991,0.6686696711734268,1.0,0.7468,0.8844,0.6409999999999999,0.5608,0.1947
te,lo,0.01,52,2,0.0,521,5991,0.08696377900183609,1.0,0.8502,0.6576,0.6409999999999999,0.5309,0.1379
te,mr,0.36,3,51,0.0,10000,5991,1.669170422300117,1.0,0.5199,0.4486,0.6409999999999999,0.3556,0.0136
te,mt,0.08,40,14,0.0,1390,5991,0.23201468869971625,1.0,0.9362,0.6585,0.6409999999999999,0.5629,0.332
te,my,0.01,52,2,0.0,3282,5991,0.5478217325988983,1.0,0.6331,0.5106,0.4259,0.4426,0.0839
te,ms,0.19,7,47,0.0,10000,5991,1.669170422300117,1.0,0.7016,0.6145,0.6409999999999999,0.5608,1.0
te,nl,0.11,35,19,0.0,10000,5991,1.669170422300117,1.0,0.6679,0.5914,0.6409999999999999,0.518,0.3729
te,ny,0.03,49,5,0.0,237,5991,0.039559339008512766,1.0,0.9176,0.9617,0.6409999999999999,0.5608,0.3058
te,om,0.08,40,14,0.0,265,5991,0.044233016190953094,1.0,0.7016,0.6145,0.6409999999999999,0.5608,1.0
te,pa,0.44,2,52,0.0,7902,5991,1.3189784677015524,1.0,0.5997,0.4417,0.6409999999999999,0.2687,0.077
te,pl,0.13,29,25,0.0,10000,5991,1.669170422300117,1.0,0.6392,0.5603,0.2163,0.5379,0.3266
te,pt,0.1,37,17,0.0,10000,5991,1.669170422300117,1.0,0.7684,0.6102,0.6409999999999999,0.4797,0.4104
te,ro,0.16,15,39,0.0,10000,5991,1.669170422300117,1.0,0.7183,0.5759,0.3217,0.5114,0.2994
te,ru,0.04,48,6,0.0,10000,5991,1.669170422300117,1.0,0.6918,0.6122,0.2163,0.5801,0.2099
te,sn,0.15,21,33,0.0,592,5991,0.09881488900016691,1.0,0.8648,0.6436,0.6409999999999999,0.5311,0.3267
te,so,0.06,45,9,0.0,1246,5991,0.20797863461859456,1.0,0.6854,0.5291,0.3498,0.4681,0.1939
te,es,0.18,9,45,0.0,10000,5991,1.669170422300117,1.0,0.7938,0.654,0.4278,0.5702,0.3988
te,sw,0.12,32,22,0.00016691704223001168,10000,5991,1.669170422300117,1.0,0.7016,0.6145,0.6409999999999999,0.5608,1.0
te,sv,0.08,40,14,0.0,10000,5991,1.669170422300117,1.0,0.7223,0.5917,0.6409999999999999,0.4904,0.342
te,ta,0.33,4,50,0.00016691704223001168,10000,5991,1.669170422300117,0.9091,0.319,0.4451,0.6409999999999999,0.4327,0.033
te,tg,0.16,15,39,0.0,10000,5991,1.669170422300117,1.0,0.6945,0.8619,0.6409999999999999,0.5608,0.1337
te,tl,0.16,15,39,0.0,10000,5991,1.669170422300117,1.0,0.8544,0.6051,0.2952,0.4763,0.2307
te,th,0.07,44,10,0.0,10000,5991,1.669170422300117,1.0,0.9218,0.5964,0.3498,0.4364,0.1183
te,ti,0.02,51,3,0.0,81,5991,0.013520280420630946,1.0,0.6667,0.6244,0.6409999999999999,0.5796,0.2123
te,tk,0.16,15,39,0.00016691704223001168,1152,5991,0.19228843264897347,1.0,0.5533,0.8132,1.0,0.5608,0.1494
te,tr,0.14,25,29,0.0,10000,5991,1.669170422300117,1.0,0.5673,0.5465,0.2952,0.5461,0.2557
te,uk,0.17,12,42,0.0,10000,5991,1.669170422300117,1.0,0.6622,0.6049,0.6409999999999999,0.5157,0.3014
te,ug,0.15,21,33,0.0,1167,5991,0.19479218828242365,1.0,0.4297,0.7788,1.0,0.5608,0.1513
te,uz,0.14,25,29,0.0,10000,5991,1.669170422300117,1.0,0.7016,0.6145,0.6409999999999999,0.5608,1.0
te,vi,0.1,37,17,0.0,10000,5991,1.669170422300117,1.0,0.9159999999999999,0.644,0.4934,0.5367,0.149
te,xh,0.03,49,5,0.0,218,5991,0.03638791520614255,1.0,0.8684,0.6509,0.6409999999999999,0.5319,0.3776
te,yo,0.11,35,19,0.00016691704223001168,7227,5991,1.2063094641962944,1.0,0.9143,0.6241,0.4278,0.4798,0.4093
te,zu,0.13,29,25,0.0,462,5991,0.0771156735102654,1.0,0.8320000000000001,0.644,0.5184,0.5309,0.3457
ti,am,0.63,1,53,0.38271604938271603,2028,81,25.037037037037038,0.5,0.5770000000000001,0.5261,0.5687,0.3973,0.0204
ti,ar,0.24,37,17,0.0,10000,81,123.45679012345678,1.0,0.7016,0.6745,0.0002,0.6284,1.0
ti,az,0.37,10,44,0.012345679012345678,10000,81,123.45679012345678,1.0,0.7016,0.6745,0.0002,0.6284,1.0
ti,bn,0.39,4,50,0.0,10000,81,123.45679012345678,1.0,0.6983,0.6444,0.6162,0.5877,0.2701
ti,ca,0.23,39,15,0.0,10000,81,123.45679012345678,1.0,0.7671,0.6193,0.6162,0.4901,0.2248
ti,ceb,0.28,29,25,0.012345679012345678,10000,81,123.45679012345678,1.0,0.8174,0.6098,0.0002,0.5195,0.4635
ti,ckb,0.33,14,40,0.0,6279,81,77.51851851851852,1.0,0.762,0.8731,0.0002,0.6284,0.1179
ti,de,0.26,33,21,0.0,10000,81,123.45679012345678,1.0,0.6558,0.5949,0.5456,0.4997,0.2208
ti,fa,0.24,37,17,0.0,10000,81,123.45679012345678,1.0,0.7016,0.6745,0.0002,0.6284,1.0
ti,fr,0.21,41,13,0.0,10000,81,123.45679012345678,1.0,0.6874,0.604,0.5456,0.5,0.2476
ti,ha,0.29,26,28,0.0,1071,81,13.222222222222221,0.8333,0.727,0.629,0.5456,0.511,0.1645
ti,hi,0.42,3,51,0.0,10000,81,123.45679012345678,1.0,0.7092,0.6125,0.5922,0.5302,0.2049
ti,hu,0.26,33,21,0.0,10000,81,123.45679012345678,1.0,0.6791,0.5852,0.5922,0.4488,0.1967
ti,ilo,0.31,19,35,0.0,3549,81,43.81481481481482,1.0,0.7952,0.6237,0.0002,0.5396,0.4357
ti,id,0.36,12,42,0.0,10000,81,123.45679012345678,1.0,0.8451,0.6578,0.5687,0.47,0.4093
ti,it,0.33,14,40,0.0,10000,81,123.45679012345678,1.0,0.7183,0.5752,0.0002,0.4608,0.1981
ti,jv,0.28,29,25,0.0,9243,81,114.11111111111111,1.0,0.8718,0.6259,0.7223,0.5235,0.4043
ti,kk,0.22,40,14,0.0,10000,81,123.45679012345678,1.0,0.7048,0.8608,0.879,0.6284,0.1955
ti,rw,0.29,26,28,0.0,864,81,10.666666666666666,1.0,0.7440000000000001,0.5471,0.0002,0.4531,0.1069
ti,ky,0.31,19,35,0.0,10000,81,123.45679012345678,1.0,0.6754,0.635,0.5456,0.5648,0.2235
ti,ku,0.38,7,47,0.0,4006,81,49.45679012345679,1.0,0.7015,0.8424,0.0002,0.6284,0.1199
ti,lo,0.02,53,1,0.012345679012345678,521,81,6.432098765432099,1.0,0.8195,0.6175,0.0002,0.4997,0.3495
ti,mr,0.39,4,50,0.0,10000,81,123.45679012345678,1.0,0.762,0.6126,0.0002,0.5354,0.2011
ti,mt,0.16,45,9,0.0,1390,81,17.160493827160494,0.625,0.9362,0.5479,0.0002,0.4042,0.1666
ti,my,0.07,52,2,0.012345679012345678,3282,81,40.51851851851852,1.0,0.7721,0.65,0.5228,0.5236,0.29100000000000004
ti,ms,0.32,18,36,0.0,10000,81,123.45679012345678,1.0,0.7016,0.6745,0.0002,0.6284,1.0
ti,nl,0.19,43,11,0.0,10000,81,123.45679012345678,1.0,0.637,0.5329,0.0002,0.4757,0.2527
ti,ny,0.1,49,5,0.0,237,81,2.925925925925926,1.0,0.8619,0.9255,0.0002,0.6284,0.1708
ti,om,0.43,2,52,0.0,265,81,3.271604938271605,1.0,0.7016,0.6745,0.0002,0.6284,1.0
ti,pa,0.37,10,44,0.0,7902,81,97.55555555555556,1.0,0.7092,0.6283,0.0002,0.5825,0.2041
ti,pl,0.27,32,22,0.0,10000,81,123.45679012345678,1.0,0.7494,0.635,0.6162,0.5074,0.2219
ti,pt,0.26,33,21,0.0,10000,81,123.45679012345678,1.0,0.7413,0.5791,0.0002,0.4726,0.2532
ti,ro,0.39,4,50,0.0,10000,81,123.45679012345678,1.0,0.7455,0.5697,0.6409999999999999,0.3834,0.1855
ti,ru,0.21,41,13,0.0,10000,81,123.45679012345678,1.0,0.7423,0.6624,0.6162,0.5422,0.2587
ti,sn,0.33,14,40,0.012345679012345678,592,81,7.308641975308642,1.0,0.8302,0.6225,0.0002,0.5295,0.1877
ti,so,0.16,45,9,0.0,1246,81,15.382716049382717,0.8889,0.6854,0.5998,0.5687,0.5058,0.0678
ti,es,0.28,29,25,0.0,10000,81,123.45679012345678,1.0,0.7457,0.6689,0.5922,0.5499,0.2379
ti,sw,0.3,22,32,0.0,10000,81,123.45679012345678,1.0,0.7016,0.6745,0.0002,0.6284,1.0
ti,sv,0.13,47,7,0.0,10000,81,123.45679012345678,1.0,0.7223,0.653,0.0002,0.617,0.2621
ti,ta,0.3,22,32,0.0,10000,81,123.45679012345678,1.0,0.6138,0.5694,0.0002,0.5469,0.2174
ti,te,0.31,19,35,0.0,5991,81,73.96296296296296,1.0,0.6667,0.6244,0.6409999999999999,0.5796,0.2123
ti,tg,0.26,33,21,0.0,10000,81,123.45679012345678,1.0,0.6571,0.8205,0.0002,0.6284,0.1946
ti,tl,0.38,7,47,0.012345679012345678,10000,81,123.45679012345678,1.0,0.8295,0.6709999999999999,0.5922,0.5148,0.442
ti,th,0.1,49,5,0.0,10000,81,123.45679012345678,1.0,0.8425,0.6615,0.5687,0.5043,0.3306
ti,tk,0.34,13,41,0.0,1152,81,14.222222222222221,1.0,0.6545,0.8266,0.879,0.6284,0.1567
ti,tr,0.38,7,47,0.0,10000,81,123.45679012345678,1.0,0.649,0.6067,0.5922,0.5295,0.1394
ti,uk,0.19,43,11,0.0,10000,81,123.45679012345678,1.0,0.7183,0.5868,0.0002,0.4829,0.1942
ti,ug,0.3,22,32,0.0,1167,81,14.407407407407407,1.0,0.6018,0.8079999999999999,0.7877,0.6284,0.2485
ti,uz,0.33,14,40,0.0,10000,81,123.45679012345678,1.0,0.7016,0.6745,0.0002,0.6284,1.0
ti,vi,0.11,48,6,0.0,10000,81,123.45679012345678,1.0,0.8305,0.6466,0.5456,0.4997,0.3589
ti,xh,0.09,51,3,0.0,218,81,2.691358024691358,1.0,0.7308,0.5479999999999999,0.0002,0.4571,0.2641
ti,yo,0.29,26,28,0.0,7227,81,89.22222222222223,1.0,0.8564,0.6639,0.5922,0.4867,0.1971
ti,zu,0.3,22,32,0.0,462,81,5.703703703703703,1.0,0.7311,0.6466,0.5228,0.5199,0.2296
uk,am,0.18,28,26,0.0,2028,10000,0.2028,1.0,0.5959,0.5491,0.5687,0.4249,0.2145
uk,ar,0.1,43,11,0.0,10000,10000,1.0,1.0,0.6059,0.6667,0.0002,0.6737,1.0
uk,az,0.35,2,52,0.0015,10000,10000,1.0,1.0,0.6059,0.6667,0.0002,0.6737,1.0
uk,bn,0.26,17,37,0.0,10000,10000,1.0,0.875,0.6421,0.6046,0.6162,0.5256,0.3128
uk,ca,0.24,22,32,0.0005,10000,10000,1.0,0.9091,0.5398,0.5075,0.6162,0.4021,0.0892
uk,ceb,0.1,43,11,0.0,10000,10000,1.0,1.0,0.7857,0.6048,0.0002,0.4692,0.5018
uk,ckb,0.25,19,35,0.0,6279,10000,0.6279,0.875,0.8632,0.9071,0.0002,0.6737,0.1119
uk,de,0.25,19,35,0.0002,10000,10000,1.0,0.8571,0.4658,0.5062,0.5456,0.4605,0.044000000000000004
uk,fa,0.2,26,28,0.0,10000,10000,1.0,1.0,0.6059,0.6667,0.0002,0.6737,1.0
uk,fr,0.24,22,32,0.0003,10000,10000,1.0,0.9375,0.501,0.5182,0.5456,0.4596,0.0828
uk,ha,0.17,32,22,0.0,1071,10000,0.1071,1.0,0.5994,0.5807,0.5456,0.4975,0.2181
uk,hi,0.29,7,47,0.0,10000,10000,1.0,0.875,0.518,0.5518,0.5922,0.5252,0.2611
uk,hu,0.24,22,32,0.0007,10000,10000,1.0,1.0,0.5313,0.5041,0.5922,0.4021,0.0191
uk,ilo,0.12,38,16,0.0,3549,10000,0.3549,1.0,0.7019,0.5458,0.0002,0.4148,0.4582
uk,id,0.28,10,44,0.0008,10000,10000,1.0,1.0,0.544,0.519,0.5687,0.40399999999999997,0.5131
uk,it,0.24,22,32,0.0003,10000,10000,1.0,0.9,0.4528,0.4215,0.0002,0.3926,0.0537
uk,jv,0.16,35,19,0.0013,9243,10000,0.9243,1.0,0.7984,0.6118,0.7223,0.4456,0.4894
uk,kk,0.34,3,51,0.0143,10000,10000,1.0,1.0,0.8318,0.8982,0.879,0.6737,0.1641
uk,rw,0.05,49,5,0.0,864,10000,0.0864,1.0,0.7736,0.5965,0.0002,0.4592,0.2775
uk,ky,0.32,5,49,0.0063,10000,10000,1.0,1.0,0.6925,0.6437,0.5456,0.539,0.1941
uk,ku,0.18,28,26,0.0004,4006,10000,0.4006,1.0,0.6648,0.7774,0.0002,0.6737,0.1109
uk,lo,0.03,53,1,0.0,521,10000,0.0521,1.0,0.5766,0.5172,0.0002,0.466,0.3978
uk,mr,0.29,7,47,0.0,10000,10000,1.0,0.8571,0.615,0.5666,0.0002,0.5248,0.2881
uk,mt,0.1,43,11,0.0001,1390,10000,0.139,1.0,0.9005,0.6048,0.0002,0.4147,0.0795
uk,my,0.04,51,3,0.0001,3282,10000,0.3282,1.0,0.7422,0.6308,0.5228,0.4682,0.3399
uk,ms,0.28,10,44,0.0005,10000,10000,1.0,1.0,0.6059,0.6667,0.0002,0.6737,1.0
uk,nl,0.28,10,44,0.0003,10000,10000,1.0,0.9,0.4663,0.46299999999999997,0.0002,0.4527,0.0721
uk,ny,0.06,48,6,0.0,237,10000,0.0237,1.0,0.6399,0.7618,0.0002,0.6737,0.3524
uk,om,0.09,46,8,0.0,265,10000,0.0265,1.0,0.6059,0.6667,0.0002,0.6737,1.0
uk,pa,0.27,15,39,0.0,7902,10000,0.7902,0.8571,0.518,0.5105,0.0002,0.5008,0.2376
uk,pl,0.33,4,50,0.0003,10000,10000,1.0,0.5,0.3699,0.4591,0.6162,0.4504,0.028999999999999998
uk,pt,0.17,32,22,0.0005,10000,10000,1.0,0.9333,0.4412,0.4225,0.0002,0.4048,0.1164
uk,ro,0.28,10,44,0.0005,10000,10000,1.0,0.8889,0.4528,0.4419,0.6409999999999999,0.3519,0.0099
uk,ru,0.42,1,53,0.0047,10000,10000,1.0,0.2,0.3695,0.4288,0.6162,0.385,0.1673
uk,sn,0.12,38,16,0.0,592,10000,0.0592,1.0,0.7308,0.5868,0.0002,0.4752,0.3642
uk,so,0.09,46,8,0.0003,1246,10000,0.1246,1.0,0.6024,0.5908,0.5687,0.5256,0.2605
uk,es,0.25,19,35,0.0006,10000,10000,1.0,0.9231,0.5169,0.5579999999999999,0.5922,0.5275,0.1095
uk,sw,0.15,36,18,0.0003,10000,10000,1.0,1.0,0.6059,0.6667,0.0002,0.6737,1.0
uk,sv,0.28,10,44,0.0006,10000,10000,1.0,0.8571,0.5145,0.5231,0.0002,0.5227,0.0684
uk,ta,0.17,32,22,0.0,10000,10000,1.0,1.0,0.6577,0.6019,0.0002,0.5559,0.3269
uk,te,0.26,17,37,0.0,5991,10000,0.5991,1.0,0.6622,0.6049,0.6409999999999999,0.5157,0.3014
uk,tg,0.27,15,39,0.0012,10000,10000,1.0,0.9,0.6525,0.7697,0.0002,0.6737,0.1826
uk,tl,0.18,28,26,0.0007,10000,10000,1.0,1.0,0.5994,0.5715,0.5922,0.4828,0.4687
uk,th,0.11,42,12,0.0001,10000,10000,1.0,1.0,0.6604,0.5919,0.5687,0.4683,0.3909
uk,ti,0.04,51,3,0.0,81,10000,0.0081,1.0,0.7183,0.5868,0.0002,0.4829,0.1942
uk,tk,0.18,28,26,0.0,1152,10000,0.1152,1.0,0.7712,0.852,0.879,0.6737,0.1533
uk,tr,0.3,6,48,0.001,10000,10000,1.0,1.0,0.6941,0.6072,0.5922,0.4752,0.0572
uk,ug,0.12,38,16,0.0,1167,10000,0.1167,1.0,0.6987,0.8122,0.7877,0.6737,0.2107
uk,uz,0.29,7,47,0.0,10000,10000,1.0,1.0,0.6059,0.6667,0.0002,0.6737,1.0
uk,vi,0.19,27,27,0.0005,10000,10000,1.0,1.0,0.6058,0.5973,0.5456,0.5227,0.3966
uk,xh,0.05,49,5,0.0002,218,10000,0.0218,1.0,0.7105,0.5472,0.0002,0.4118,0.4405
uk,yo,0.14,37,17,0.0001,7227,10000,0.7227,1.0,0.6502,0.5513,0.5922,0.3673,0.248
uk,zu,0.12,38,16,0.0001,462,10000,0.0462,1.0,0.6927,0.6071,0.5228,0.441,0.4098
ug,am,0.21,14,40,0.0,2028,1167,1.737789203084833,1.0,0.5889,0.7319,0.7736,0.6597,0.2615
ug,ar,0.12,40,14,0.0,10000,1167,8.56898029134533,1.0,0.6936,0.8122,0.7877,0.0,1.0
ug,az,0.29,2,52,0.006855184233076264,10000,1167,8.56898029134533,1.0,0.6936,0.8122,0.7877,0.0,1.0
ug,bn,0.21,14,40,0.0,10000,1167,8.56898029134533,1.0,0.674,0.8461,1.0,0.5983,0.1188
ug,ca,0.2,18,36,0.0,10000,1167,8.56898029134533,1.0,0.86,0.9263,1.0,0.6461,0.2999
ug,ceb,0.17,30,24,0.0,10000,1167,8.56898029134533,1.0,0.9119,0.9589,0.7877,0.713,0.2911
ug,ckb,0.2,18,36,0.002570694087403599,6279,1167,5.380462724935732,1.0,0.768,0.7837,0.7877,0.0,0.1506
ug,de,0.19,22,32,0.0,10000,1167,8.56898029134533,1.0,0.665,0.8019,0.8934,0.6153,0.2519
ug,fa,0.15,37,17,0.0,10000,1167,8.56898029134533,1.0,0.6936,0.8122,0.7877,0.0,1.0
ug,fr,0.16,33,21,0.0,10000,1167,8.56898029134533,1.0,0.7454,0.8587,1.0,0.6025,0.2888
ug,ha,0.16,33,21,0.00856898029134533,1071,1167,0.9177377892030848,1.0,0.8337,0.9058,1.0,0.6328,0.3811
ug,hi,0.24,4,50,0.0,10000,1167,8.56898029134533,1.0,0.6108,0.8047,1.0,0.5363,0.1045
ug,hu,0.19,22,32,0.001713796058269066,10000,1167,8.56898029134533,1.0,0.612,0.7695,1.0,0.6461,0.2298
ug,ilo,0.18,28,26,0.00856898029134533,3549,1167,3.0411311053984575,1.0,0.8681,0.9316,0.7877,0.6643,0.2475
ug,id,0.22,8,46,0.004284490145672665,10000,1167,8.56898029134533,1.0,0.8231,0.8838,0.8886,0.669,0.3209
ug,it,0.19,22,32,0.0,10000,1167,8.56898029134533,1.0,0.7779,0.8601,0.7877,0.6737,0.2633
ug,jv,0.19,22,32,0.011996572407883462,9243,1167,7.920308483290489,1.0,0.8749,0.9670000000000001,1.0,0.611,0.2903
ug,kk,0.18,28,26,0.0,10000,1167,8.56898029134533,0.5714,0.7125,0.6983,0.6082,0.0,0.0578
ug,rw,0.12,40,14,0.005141388174807198,864,1167,0.7403598971722365,1.0,0.86,0.9316,0.7877,0.6552,0.3533
ug,ky,0.22,8,46,0.000856898029134533,10000,1167,8.56898029134533,0.5714,0.5169,0.7874,0.8934,0.6328,0.0252
ug,ku,0.22,8,46,0.011139674378748929,4006,1167,3.4327335047129393,1.0,0.8378,0.8485,0.7877,0.0,0.1494
ug,lo,0.04,52,2,0.0,521,1167,0.4464438731790917,1.0,0.8539,0.9179,0.7877,0.6643,0.1928
ug,mr,0.23,5,49,0.0,10000,1167,8.56898029134533,1.0,0.6068,0.7975,0.7877,0.6284,0.1437
ug,mt,0.09,48,6,0.003427592116538132,1390,1167,1.1910882604970008,1.0,0.8749,0.9589,0.7877,0.688,0.2749
ug,my,0.04,52,2,0.0,3282,1167,2.8123393316195373,1.0,0.6712,0.8106,0.8976,0.624,0.1431
ug,ms,0.23,5,49,0.000856898029134533,10000,1167,8.56898029134533,1.0,0.6936,0.8122,0.7877,0.0,1.0
ug,nl,0.12,40,14,0.000856898029134533,10000,1167,8.56898029134533,1.0,0.7059,0.8405,0.7877,0.6068,0.27
ug,ny,0.08,49,5,0.003427592116538132,237,1167,0.20308483290488433,1.0,0.9196,0.9248,0.7877,0.0,0.4027
ug,om,0.11,45,9,0.000856898029134533,265,1167,0.22707797772065125,1.0,0.6936,0.8122,0.7877,0.0,1.0
ug,pa,0.22,8,46,0.0,7902,1167,6.77120822622108,1.0,0.5824,0.772,0.7877,0.5732,0.0779
ug,pl,0.19,22,32,0.0,10000,1167,8.56898029134533,1.0,0.7299,0.8424,1.0,0.6597,0.2258
ug,pt,0.16,33,21,0.0,10000,1167,8.56898029134533,1.0,0.7743,0.8675,0.7877,0.6328,0.3263
ug,ro,0.23,5,49,0.001713796058269066,10000,1167,8.56898029134533,1.0,0.7256,0.8415,1.0,0.6552,0.214
ug,ru,0.17,30,24,0.0,10000,1167,8.56898029134533,1.0,0.6998,0.8118,1.0,0.688,0.0629
ug,sn,0.15,37,17,0.005141388174807198,592,1167,0.5072836332476436,1.0,0.9014,0.9527,0.7877,0.6196,0.4229
ug,so,0.13,39,15,0.007712082262210797,1246,1167,1.0676949443016281,1.0,0.6368,0.8136,1.0,0.5983,0.2744
ug,es,0.2,18,36,0.0,10000,1167,8.56898029134533,1.0,0.799,0.8587,0.8831,0.6832,0.3202
ug,sw,0.19,22,32,0.011996572407883462,10000,1167,8.56898029134533,1.0,0.6936,0.8122,0.7877,0.0,1.0
ug,sv,0.12,40,14,0.0,10000,1167,8.56898029134533,1.0,0.7294,0.8525,0.7877,0.6153,0.2225
ug,ta,0.16,33,21,0.0,10000,1167,8.56898029134533,1.0,0.4402,0.723,0.7877,0.6196,0.1842
ug,te,0.21,14,40,0.0,5991,1167,5.133676092544987,1.0,0.4297,0.7788,1.0,0.5608,0.1513
ug,tg,0.22,8,46,0.0,10000,1167,8.56898029134533,1.0,0.7377,0.7555,0.7877,0.0,0.0539
ug,tl,0.21,14,40,0.002570694087403599,10000,1167,8.56898029134533,1.0,0.8819,0.9162,0.8831,0.6552,0.258
ug,th,0.1,47,7,0.0,10000,1167,8.56898029134533,1.0,0.8981,0.9302,0.8886,0.6372,0.1916
ug,ti,0.05,50,4,0.0,81,1167,0.06940874035989718,1.0,0.6018,0.8079999999999999,0.7877,0.6284,0.2485
ug,tk,0.22,8,46,0.007712082262210797,1152,1167,0.987146529562982,0.5,0.5662,0.5720000000000001,0.6082,0.0,0.0941
ug,tr,0.32,1,53,0.002570694087403599,10000,1167,8.56898029134533,0.5714,0.5226,0.7337,1.0,0.6196,0.1928
ug,uk,0.2,18,36,0.0,10000,1167,8.56898029134533,1.0,0.6987,0.8122,0.7877,0.6737,0.2107
ug,uz,0.29,2,52,0.001713796058269066,10000,1167,8.56898029134533,1.0,0.6936,0.8122,0.7877,0.0,1.0
ug,vi,0.12,40,14,0.003427592116538132,10000,1167,8.56898029134533,1.0,0.8627,0.9171,0.8934,0.6153,0.1887
ug,xh,0.05,50,4,0.001713796058269066,218,1167,0.1868037703513282,1.0,0.8058,0.9022,0.7877,0.6416,0.491
ug,yo,0.17,30,24,0.01456726649528706,7227,1167,6.19280205655527,1.0,0.8883,0.9382,1.0,0.6832,0.4167
ug,zu,0.11,45,9,0.000856898029134533,462,1167,0.39588688946015427,1.0,0.7877,0.8752,1.0,0.6643,0.4557
